{"cameraMode":{"drawMode":0,"name":"Shaded","section":"Shading Mode"},"sceneLighting":false,"audioPlay":false,"sceneViewState":{"showFog":true,"showMaterialUpdate":false,"showSkybox":false,"showFlares":true,"showImageEffects":true,"showParticleSystems":true},"in2DMode":false,"pivot":{"x":-0.10882651805877686,"y":0.8582501411437988,"z":0.08964109420776367},"rotation":{"x":0.025068562477827073,"y":0.23762163519859315,"z":-0.006131666712462902,"w":0.9710261225700378},"size":1.1315704584121705,"orthographic":false}